Method Name,Game,Type,Effected By Shiny Charm,Automatically Applied,Chance of Being Applied,Chain/Encounter/etc Required,Odds,Shiny Charm Odds,,,,,,,,,
Capture Chain,Let's Go Pikachu,Chain Length,Yes,Yes,1,1,0.000244141,0.000732422,11,0.000976563,0.001464844,21,0.001953125,0.002441406,31,0.002929688,0.003417969
Capture Chain,Let's Go Eevee,Chain Length,Yes,Yes,1,1,0.000244141,0.000732422,11,0.000976563,0.001464844,21,0.001953125,0.002441406,31,0.002929688,0.003417969
Lured Capture Chain,Let's Go Pikachu,Chain Length,Yes,Yes,1,1,0.000488281,0.000976563,11,0.001220703,0.001708984,21,0.002197266,0.002685547,31,0.003173828,0.003662109
Lured Capture Chain,Let's Go Eevee,Chain Length,Yes,Yes,1,1,0.000488281,0.000976563,11,0.001220703,0.001708984,21,0.002197266,0.002685547,31,0.003173828,0.003662109
