Method Name,Game,Type,Effected By Shiny Charm,Automatically Applied,Chance of Being Applied,Search Level,Odds,Shiny Charm Odds,,,,,,,,,,,,,,,,,,,,,
DexNav,Omega Ruby,Search Level,Yes,Yes,1,1,0.000254141,0.000752422,100,0.000844141,0.002532422,200,0.001044141,0.003132422,300,0.001144141,0.003432422,400,0.001244141,0.003722422,500,0.001344141,0.004022422,750,0.001594141,0.004772422,999,0.001844141,0.005512422
DexNav,Alpha Sapphire,Search Level,Yes,Yes,1,1,0.000254141,0.000752422,100,0.000844141,0.002532422,200,0.001044141,0.003132422,300,0.001144141,0.003432422,400,0.001244141,0.003722422,500,0.001344141,0.004022422,750,0.001594141,0.004772422,999,0.001844141,0.005512422
DexNav - 50th in chain,Omega Ruby,Search Level Plus Chain of 50,Yes,Yes,1,1,0.000254141,0.000782422,100,0.000844141,0.005512422,200,0.001044141,0.007092422,300,0.001144141,0.007882422,400,0.001244141,0.008672422,500,0.001344141,0.009462422,750,0.001594141,0.011432422,999,0.001844141,0.013382422
DexNav - 50th in chain,Alpha Sapphire,Search Level Plus Chain of 50,Yes,Yes,1,1,0.000254141,0.000782422,100,0.000844141,0.005512422,200,0.001044141,0.007092422,300,0.001144141,0.007882422,400,0.001244141,0.008672422,500,0.001344141,0.009462422,750,0.001594141,0.011432422,999,0.001844141,0.013382422
DexNav - 100th in chain,Omega Ruby,Search Level Plus Chain of 102,Yes,Yes,1,1,0.000254141,0.00081,100,0.000844141,0.008472422,200,0.001044141,0.011032422,300,0.001144141,0.012302422,400,0.001244141,0.013572422,500,0.001344141,0.014842422,750,0.001594141,0.018002422,999,0.001844141,0.021122422
DexNav - 100th in chain,Alpha Sapphire,Search Level Plus Chain of 103,Yes,Yes,1,1,0.000254141,0.00081,100,0.000844141,0.008472422,200,0.001044141,0.011032422,300,0.001144141,0.012302422,400,0.001244141,0.013572422,500,0.001344141,0.014842422,750,0.001594141,0.018002422,999,0.001844141,0.021122422
