Method Name,Game,Type,Effected By Shiny Charm,Automatically Applied,Chance of Being Applied,Chain/Encounter/etc Required,Odds,Shiny Charm Odds,,,,,,,,,
SOS Battle,Sun,Chain Length,Yes,Yes,1,1,0.000244141,0.000732422,11,0.001220703,0.001708984,21,0.002197266,0.002685547,31,0.003173828,0.003662109
SOS Battle,Moon,Chain Length,Yes,Yes,1,1,0.000244141,0.000732422,11,0.001220703,0.001708984,21,0.002197266,0.002685547,31,0.003173828,0.003662109
SOS Battle,Ultra Sun,Chain Length,Yes,Yes,1,1,0.000244141,0.000732422,11,0.001220703,0.001708984,21,0.002197266,0.002685547,31,0.003173828,0.003662109
SOS Battle,Ultra Moon,Chain Length,Yes,Yes,1,1,0.000244141,0.000732422,11,0.001220703,0.001708984,21,0.002197266,0.002685547,31,0.003173828,0.003662109
